Size;Algorithm;Time
32;KR1992RGR;0.0153191
64;KR1992RGR;0.147702
128;KR1992RGR;1.16822
256;KR1992RGR;9.80506
