Size;Algorithm;Time
32;KR1992RGR;0.017263
64;KR1992RGR;0.166639
128;KR1992RGR;1.50909
256;KR1992RGR;11.9309
