Size;Algorithm;Time
32;KR Mod;0.00124198
32;KR Mod;0.00115369
32;KR Mod;0.00107773
64;KR Mod;0.0134548
64;KR Mod;0.0128738
64;KR Mod;0.0127289
128;KR Mod;0.138128
128;KR Mod;0.132207
128;KR Mod;0.136042
256;KR Mod;1.81146
256;KR Mod;1.72756
256;KR Mod;1.65817
512;KR Mod;32.9086
512;KR Mod;32.7362
512;KR Mod;32.8336
1024;KR Mod;320.586
1024;KR Mod;321.416
